es_id,row_id,report_group,study,outcome_subject,grade_band,g,v,se,n_t,n_c,n_clusters,icc_assumed,cluster_adjusted,pretest_adjusted,extraction_method,source_stat,page_ref,extractor,confidence,notes
F0001,1,abe et al. 2012,Abe et al. 2012,Reading,3-6,0.1621,0.003481,0.059,927,593,106,0.2,yes,yes,SYNTHETIC,SYNTHETIC,,fixture,n/a,SYNTHETIC FIXTURE -- not real data
F0002,2,allen et al. 2015,Allen et al. 2015,Reading,Mixed,-0.1321,0.023901,0.1546,560,305,57,0.2,yes,yes,SYNTHETIC,SYNTHETIC,,fixture,n/a,SYNTHETIC FIXTURE -- not real data
F0003,3,ansari&pianta 2018,Ansari & Pianta 2018,Reading,Pre-k,0.1532,0.010384,0.1019,629,1344,94,0.2,yes,yes,SYNTHETIC,SYNTHETIC,,fixture,n/a,SYNTHETIC FIXTURE -- not real data
F0004,3,ansari&pianta 2018,Ansari & Pianta 2018,Reading,Pre-k,-0.0712,0.042066,0.2051,850,979,108,0.2,yes,yes,SYNTHETIC,SYNTHETIC,,fixture,n/a,SYNTHETIC FIXTURE -- not real data
F0005,3,ansari&pianta 2018,Ansari & Pianta 2018,Reading,Pre-k,0.0899,0.010343,0.1017,227,170,61,0.2,yes,yes,SYNTHETIC,SYNTHETIC,,fixture,n/a,SYNTHETIC FIXTURE -- not real data
F0006,4,arens et al. 2012,Arens et al. 2012,Reading,Mixed,0.159,0.005402,0.0735,1498,144,57,0.2,yes,yes,SYNTHETIC,SYNTHETIC,,fixture,n/a,SYNTHETIC FIXTURE -- not real data
F0007,4,arens et al. 2012,Arens et al. 2012,Other,Mixed,0.025,0.045369,0.213,1134,873,114,0.2,yes,yes,SYNTHETIC,SYNTHETIC,,fixture,n/a,SYNTHETIC FIXTURE -- not real data
F0008,5,babinski et al. 2018,Babinski et al. 2018,Reading,K-2,-0.2174,0.0144,0.12,141,193,98,0.2,yes,yes,SYNTHETIC,SYNTHETIC,,fixture,n/a,SYNTHETIC FIXTURE -- not real data
F0009,6,bierman et al. 2008,Bierman et al. 2008,Reading,Pre-k,0.0652,0.012701,0.1127,728,614,82,0.2,yes,yes,SYNTHETIC,SYNTHETIC,,fixture,n/a,SYNTHETIC FIXTURE -- not real data
F0010,6,bierman et al. 2008,Bierman et al. 2008,Reading,Pre-k,0.1718,0.027989,0.1673,1361,497,92,0.2,yes,yes,SYNTHETIC,SYNTHETIC,,fixture,n/a,SYNTHETIC FIXTURE -- not real data
F0011,6,bierman et al. 2008,Bierman et al. 2008,Other,Pre-k,-0.2671,0.030976,0.176,1434,1258,73,0.2,yes,yes,SYNTHETIC,SYNTHETIC,,fixture,n/a,SYNTHETIC FIXTURE -- not real data
F0012,7,bleses et al. 2021,Bleses et al. 2021,Reading,Pre-k,0.2422,0.027456,0.1657,1390,603,82,0.2,yes,yes,SYNTHETIC,SYNTHETIC,,fixture,n/a,SYNTHETIC FIXTURE -- not real data
F0013,8,borman et al. 2007,Borman et al. 2007,STEM,K-2,0.0727,0.014376,0.1199,1275,346,81,0.2,yes,yes,SYNTHETIC,SYNTHETIC,,fixture,n/a,SYNTHETIC FIXTURE -- not real data
F0014,8,borman et al. 2007,Borman et al. 2007,STEM,K-2,0.0171,0.00552,0.0743,774,199,76,0.2,yes,yes,SYNTHETIC,SYNTHETIC,,fixture,n/a,SYNTHETIC FIXTURE -- not real data
F0015,9,borman et al. 2008,Borman et al. 2008,Reading,Mixed,-0.1067,0.005314,0.0729,1346,537,34,0.2,yes,yes,SYNTHETIC,SYNTHETIC,,fixture,n/a,SYNTHETIC FIXTURE -- not real data
F0016,9,borman et al. 2008,Borman et al. 2008,Reading,Mixed,0.0011,0.015031,0.1226,682,82,54,0.2,yes,yes,SYNTHETIC,SYNTHETIC,,fixture,n/a,SYNTHETIC FIXTURE -- not real data
F0017,9,borman et al. 2008,Borman et al. 2008,Reading,Mixed,0.1132,0.032906,0.1814,1154,1298,34,0.2,yes,yes,SYNTHETIC,SYNTHETIC,,fixture,n/a,SYNTHETIC FIXTURE -- not real data
F0018,10,borman et al. 2021,Borman et al. 2021,Reading,7-12,0.3112,0.046829,0.2164,87,1011,58,0.2,yes,yes,SYNTHETIC,SYNTHETIC,,fixture,n/a,SYNTHETIC FIXTURE -- not real data
F0019,10,borman et al. 2021,Borman et al. 2021,Reading,7-12,0.2873,0.032292,0.1797,85,506,111,0.2,yes,yes,SYNTHETIC,SYNTHETIC,,fixture,n/a,SYNTHETIC FIXTURE -- not real data
F0020,10,borman et al. 2021,Borman et al. 2021,Reading,7-12,0.128,0.003528,0.0594,402,261,40,0.2,yes,yes,SYNTHETIC,SYNTHETIC,,fixture,n/a,SYNTHETIC FIXTURE -- not real data
F0021,11,bottge et al. 2014,Bottge et al. 2014,STEM,Mixed,0.2693,0.018414,0.1357,732,509,101,0.2,yes,yes,SYNTHETIC,SYNTHETIC,,fixture,n/a,SYNTHETIC FIXTURE -- not real data
F0022,11,bottge et al. 2014,Bottge et al. 2014,Other,Mixed,0.5478,0.047917,0.2189,1460,1285,99,0.2,yes,yes,SYNTHETIC,SYNTHETIC,,fixture,n/a,SYNTHETIC FIXTURE -- not real data
F0023,11,bottge et al. 2014,Bottge et al. 2014,Reading,Mixed,0.0961,0.020022,0.1415,173,790,68,0.2,yes,yes,SYNTHETIC,SYNTHETIC,,fixture,n/a,SYNTHETIC FIXTURE -- not real data
F0024,12,boylan et al. 2018,Boylan et al. 2018,Other,3-6,0.1416,0.023654,0.1538,740,1296,45,0.2,yes,yes,SYNTHETIC,SYNTHETIC,,fixture,n/a,SYNTHETIC FIXTURE -- not real data
F0025,13,buysse et al. 2010,Buysse et al. 2010,Reading,Pre-k,0.1769,0.007569,0.087,388,548,55,0.2,yes,yes,SYNTHETIC,SYNTHETIC,,fixture,n/a,SYNTHETIC FIXTURE -- not real data
F0026,13,buysse et al. 2010,Buysse et al. 2010,Reading,Pre-k,0.157,0.009604,0.098,800,213,92,0.2,yes,yes,SYNTHETIC,SYNTHETIC,,fixture,n/a,SYNTHETIC FIXTURE -- not real data
F0027,13,buysse et al. 2010,Buysse et al. 2010,Other,Pre-k,0.2058,0.039641,0.1991,1286,359,85,0.2,yes,yes,SYNTHETIC,SYNTHETIC,,fixture,n/a,SYNTHETIC FIXTURE -- not real data
F0028,13,buysse et al. 2010,Buysse et al. 2010,Reading,Pre-k,0.208,0.005446,0.0738,526,759,48,0.2,yes,yes,SYNTHETIC,SYNTHETIC,,fixture,n/a,SYNTHETIC FIXTURE -- not real data
F0029,14,cabell et al. 2011,Cabell et al. 2011,Reading,Pre-k,-0.0455,0.032364,0.1799,868,203,95,0.2,yes,yes,SYNTHETIC,SYNTHETIC,,fixture,n/a,SYNTHETIC FIXTURE -- not real data
F0030,14,cabell et al. 2011,Cabell et al. 2011,Reading,Pre-k,0.0119,0.018523,0.1361,168,248,105,0.2,yes,yes,SYNTHETIC,SYNTHETIC,,fixture,n/a,SYNTHETIC FIXTURE -- not real data
F0031,15,carroll et al. 2020,Carroll et al. 2020,Reading,K-2,0.3176,0.011513,0.1073,531,724,80,0.2,yes,yes,SYNTHETIC,SYNTHETIC,,fixture,n/a,SYNTHETIC FIXTURE -- not real data
F0032,15,carroll et al. 2020,Carroll et al. 2020,Reading,K-2,0.1243,0.005084,0.0713,1103,863,112,0.2,yes,yes,SYNTHETIC,SYNTHETIC,,fixture,n/a,SYNTHETIC FIXTURE -- not real data
F0033,15,carroll et al. 2020,Carroll et al. 2020,Reading,K-2,-0.2656,0.047655,0.2183,1429,966,108,0.2,yes,yes,SYNTHETIC,SYNTHETIC,,fixture,n/a,SYNTHETIC FIXTURE -- not real data
F0034,15,carroll et al. 2020,Carroll et al. 2020,STEM,K-2,0.1993,0.040522,0.2013,835,1260,94,0.2,yes,yes,SYNTHETIC,SYNTHETIC,,fixture,n/a,SYNTHETIC FIXTURE -- not real data
F0035,16,castro et al. 2017,Castro et al. 2017,Reading,Pre-k,0.152,0.036749,0.1917,71,1237,109,0.2,yes,yes,SYNTHETIC,SYNTHETIC,,fixture,n/a,SYNTHETIC FIXTURE -- not real data
F0036,16,castro et al. 2017,Castro et al. 2017,STEM,Pre-k,0.3476,0.016667,0.1291,998,182,118,0.2,yes,yes,SYNTHETIC,SYNTHETIC,,fixture,n/a,SYNTHETIC FIXTURE -- not real data
F0037,16,castro et al. 2017,Castro et al. 2017,Reading,Pre-k,0.2269,0.025408,0.1594,776,173,29,0.2,yes,yes,SYNTHETIC,SYNTHETIC,,fixture,n/a,SYNTHETIC FIXTURE -- not real data
F0038,17,cavalluzzo et al. 2014,Cavalluzzo et al. 2014,STEM,3-6,0.1576,0.012724,0.1128,1017,293,111,0.2,yes,yes,SYNTHETIC,SYNTHETIC,,fixture,n/a,SYNTHETIC FIXTURE -- not real data
F0039,17,cavalluzzo et al. 2014,Cavalluzzo et al. 2014,Other,3-6,-0.0071,0.01921,0.1386,1147,1362,42,0.2,yes,yes,SYNTHETIC,SYNTHETIC,,fixture,n/a,SYNTHETIC FIXTURE -- not real data
F0040,17,cavalluzzo et al. 2014,Cavalluzzo et al. 2014,Other,3-6,0.3194,0.024775,0.1574,941,1494,70,0.2,yes,yes,SYNTHETIC,SYNTHETIC,,fixture,n/a,SYNTHETIC FIXTURE -- not real data
F0041,17,cavalluzzo et al. 2014,Cavalluzzo et al. 2014,Reading,3-6,0.2109,0.00567,0.0753,1342,668,88,0.2,yes,yes,SYNTHETIC,SYNTHETIC,,fixture,n/a,SYNTHETIC FIXTURE -- not real data
F0042,18,clarke et al. 2015,Clarke et al. 2015,Reading,K-2,0.2163,0.024398,0.1562,615,705,39,0.2,yes,yes,SYNTHETIC,SYNTHETIC,,fixture,n/a,SYNTHETIC FIXTURE -- not real data
F0043,18,clarke et al. 2015,Clarke et al. 2015,Reading,K-2,0.1875,0.018934,0.1376,1050,1245,64,0.2,yes,yes,SYNTHETIC,SYNTHETIC,,fixture,n/a,SYNTHETIC FIXTURE -- not real data
F0044,18,clarke et al. 2015,Clarke et al. 2015,Reading,K-2,0.1915,0.02271,0.1507,312,408,69,0.2,yes,yes,SYNTHETIC,SYNTHETIC,,fixture,n/a,SYNTHETIC FIXTURE -- not real data
F0045,18,clarke et al. 2015,Clarke et al. 2015,Reading,K-2,0.2034,0.004186,0.0647,278,79,65,0.2,yes,yes,SYNTHETIC,SYNTHETIC,,fixture,n/a,SYNTHETIC FIXTURE -- not real data
F0046,19,cordray et al. 2012,Cordray et al. 2012,STEM,3-6,0.0494,0.005271,0.0726,1192,726,25,0.2,yes,yes,SYNTHETIC,SYNTHETIC,,fixture,n/a,SYNTHETIC FIXTURE -- not real data
F0047,19,cordray et al. 2012,Cordray et al. 2012,STEM,3-6,-0.0068,0.024149,0.1554,394,839,82,0.2,yes,yes,SYNTHETIC,SYNTHETIC,,fixture,n/a,SYNTHETIC FIXTURE -- not real data
F0048,20,coyne et al. 2013,Coyne et al. 2013,Reading,K-2,0.2589,0.034708,0.1863,817,799,104,0.2,yes,yes,SYNTHETIC,SYNTHETIC,,fixture,n/a,SYNTHETIC FIXTURE -- not real data
F0049,20,coyne et al. 2013,Coyne et al. 2013,STEM,K-2,-0.2159,0.023808,0.1543,406,1152,81,0.2,yes,yes,SYNTHETIC,SYNTHETIC,,fixture,n/a,SYNTHETIC FIXTURE -- not real data
F0050,21,culliney et al. 2019,Culliney et al. 2019,Reading,3-6,0.2327,0.00648,0.0805,1150,98,35,0.2,yes,yes,SYNTHETIC,SYNTHETIC,,fixture,n/a,SYNTHETIC FIXTURE -- not real data
F0051,21,culliney et al. 2019,Culliney et al. 2019,Reading,3-6,0.4297,0.033746,0.1837,571,676,54,0.2,yes,yes,SYNTHETIC,SYNTHETIC,,fixture,n/a,SYNTHETIC FIXTURE -- not real data
F0052,22,decesare et al. 2017,DeCesare et al. 2017,STEM,Mixed,0.2324,0.023378,0.1529,1317,408,38,0.2,yes,yes,SYNTHETIC,SYNTHETIC,,fixture,n/a,SYNTHETIC FIXTURE -- not real data
F0053,22,decesare et al. 2017,DeCesare et al. 2017,STEM,Mixed,0.0185,0.004789,0.0692,481,624,109,0.2,yes,yes,SYNTHETIC,SYNTHETIC,,fixture,n/a,SYNTHETIC FIXTURE -- not real data
F0054,23,dolfin et al. 2019,Dolfin et al. 2019,Other,Mixed,0.0885,0.04016,0.2004,107,1226,93,0.2,yes,yes,SYNTHETIC,SYNTHETIC,,fixture,n/a,SYNTHETIC FIXTURE -- not real data
F0055,23,dolfin et al. 2019,Dolfin et al. 2019,Reading,Mixed,-0.0937,0.016796,0.1296,1135,399,31,0.2,yes,yes,SYNTHETIC,SYNTHETIC,,fixture,n/a,SYNTHETIC FIXTURE -- not real data
F0056,23,dolfin et al. 2019,Dolfin et al. 2019,Other,Mixed,-0.0773,0.03467,0.1862,533,313,104,0.2,yes,yes,SYNTHETIC,SYNTHETIC,,fixture,n/a,SYNTHETIC FIXTURE -- not real data
F0057,23,dolfin et al. 2019,Dolfin et al. 2019,STEM,Mixed,-0.05,0.027225,0.165,1175,318,64,0.2,yes,yes,SYNTHETIC,SYNTHETIC,,fixture,n/a,SYNTHETIC FIXTURE -- not real data
F0058,24,droop et al. 2016,Droop et al. 2016,Reading,3-6,-0.0569,0.010774,0.1038,699,1032,40,0.2,yes,yes,SYNTHETIC,SYNTHETIC,,fixture,n/a,SYNTHETIC FIXTURE -- not real data
F0059,24,droop et al. 2016,Droop et al. 2016,Reading,3-6,0.3801,0.01745,0.1321,1381,1046,75,0.2,yes,yes,SYNTHETIC,SYNTHETIC,,fixture,n/a,SYNTHETIC FIXTURE -- not real data
F0060,25,drummond et al. 2011,Drummond et al. 2011,Reading,3-6,0.0384,0.026406,0.1625,1085,1244,69,0.2,yes,yes,SYNTHETIC,SYNTHETIC,,fixture,n/a,SYNTHETIC FIXTURE -- not real data
F0061,25,drummond et al. 2011,Drummond et al. 2011,STEM,3-6,0.1384,0.034188,0.1849,1370,1206,97,0.2,yes,yes,SYNTHETIC,SYNTHETIC,,fixture,n/a,SYNTHETIC FIXTURE -- not real data
F0062,26,drummond et al. 2020,Drummond et al. 2020,Reading,Mixed,-0.0505,0.038298,0.1957,1108,1292,92,0.2,yes,yes,SYNTHETIC,SYNTHETIC,,fixture,n/a,SYNTHETIC FIXTURE -- not real data
F0063,26,drummond et al. 2020,Drummond et al. 2020,Reading,Mixed,-0.0929,0.027027,0.1644,1006,1224,23,0.2,yes,yes,SYNTHETIC,SYNTHETIC,,fixture,n/a,SYNTHETIC FIXTURE -- not real data
F0064,27,duncan et al. 2018,Duncan et al. 2018,Reading,3-6,0.2356,0.044058,0.2099,577,1026,113,0.2,yes,yes,SYNTHETIC,SYNTHETIC,,fixture,n/a,SYNTHETIC FIXTURE -- not real data
F0065,27,duncan et al. 2018,Duncan et al. 2018,Other,3-6,0.2494,0.021668,0.1472,620,1407,100,0.2,yes,yes,SYNTHETIC,SYNTHETIC,,fixture,n/a,SYNTHETIC FIXTURE -- not real data
F0066,27,duncan et al. 2018,Duncan et al. 2018,Reading,3-6,0.1477,0.020022,0.1415,948,1394,108,0.2,yes,yes,SYNTHETIC,SYNTHETIC,,fixture,n/a,SYNTHETIC FIXTURE -- not real data
F0067,27,duncan et al. 2018,Duncan et al. 2018,STEM,3-6,0.0828,0.028832,0.1698,1438,273,110,0.2,yes,yes,SYNTHETIC,SYNTHETIC,,fixture,n/a,SYNTHETIC FIXTURE -- not real data
F0068,28,early et al. 2016,Early et al. 2016,Other,7-12,-0.1409,0.012701,0.1127,398,1382,102,0.2,yes,yes,SYNTHETIC,SYNTHETIC,,fixture,n/a,SYNTHETIC FIXTURE -- not real data
F0069,28,early et al. 2016,Early et al. 2016,Other,7-12,0.0542,0.010774,0.1038,1112,1234,83,0.2,yes,yes,SYNTHETIC,SYNTHETIC,,fixture,n/a,SYNTHETIC FIXTURE -- not real data
F0070,29,fancsali et al. 2015,Fancsali et al. 2015,Other,7-12,-0.1056,0.020335,0.1426,1046,1364,97,0.2,yes,yes,SYNTHETIC,SYNTHETIC,,fixture,n/a,SYNTHETIC FIXTURE -- not real data
F0071,29,fancsali et al. 2015,Fancsali et al. 2015,Reading,7-12,0.1578,0.045753,0.2139,290,188,50,0.2,yes,yes,SYNTHETIC,SYNTHETIC,,fixture,n/a,SYNTHETIC FIXTURE -- not real data
F0072,30,finkelstein et al. 2010,Finkelstein et al. 2010,Reading,7-12,0.0257,0.034633,0.1861,555,587,70,0.2,yes,yes,SYNTHETIC,SYNTHETIC,,fixture,n/a,SYNTHETIC FIXTURE -- not real data
F0073,30,finkelstein et al. 2010,Finkelstein et al. 2010,Reading,7-12,0.051,0.004251,0.0652,62,235,50,0.2,yes,yes,SYNTHETIC,SYNTHETIC,,fixture,n/a,SYNTHETIC FIXTURE -- not real data
F0074,30,finkelstein et al. 2010,Finkelstein et al. 2010,Reading,7-12,0.0867,0.03258,0.1805,1414,502,115,0.2,yes,yes,SYNTHETIC,SYNTHETIC,,fixture,n/a,SYNTHETIC FIXTURE -- not real data
F0075,30,finkelstein et al. 2010,Finkelstein et al. 2010,Reading,7-12,0.0945,0.015401,0.1241,171,881,54,0.2,yes,yes,SYNTHETIC,SYNTHETIC,,fixture,n/a,SYNTHETIC FIXTURE -- not real data
F0076,31,fong et al. 2015,Fong et al. 2015,STEM,7-12,0.1618,0.003672,0.0606,1230,1244,30,0.2,yes,yes,SYNTHETIC,SYNTHETIC,,fixture,n/a,SYNTHETIC FIXTURE -- not real data
F0077,31,fong et al. 2015,Fong et al. 2015,Reading,7-12,0.1145,0.004032,0.0635,131,728,47,0.2,yes,yes,SYNTHETIC,SYNTHETIC,,fixture,n/a,SYNTHETIC FIXTURE -- not real data
F0078,31,fong et al. 2015,Fong et al. 2015,Reading,7-12,-0.004,0.043389,0.2083,767,77,117,0.2,yes,yes,SYNTHETIC,SYNTHETIC,,fixture,n/a,SYNTHETIC FIXTURE -- not real data
F0079,32,garet et al. 2008 (study 1),Garet et al. 2008 (study 1),Reading,K-2,0.367,0.021141,0.1454,900,215,39,0.2,yes,yes,SYNTHETIC,SYNTHETIC,,fixture,n/a,SYNTHETIC FIXTURE -- not real data
F0080,32,garet et al. 2008 (study 1),Garet et al. 2008 (study 1),Reading,K-2,0.2356,0.026179,0.1618,1484,698,96,0.2,yes,yes,SYNTHETIC,SYNTHETIC,,fixture,n/a,SYNTHETIC FIXTURE -- not real data
F0081,32,garet et al. 2008 (study 1),Garet et al. 2008 (study 1),Other,K-2,0.0846,0.036024,0.1898,426,309,37,0.2,yes,yes,SYNTHETIC,SYNTHETIC,,fixture,n/a,SYNTHETIC FIXTURE -- not real data
F0082,32,garet et al. 2008 (study 1),Garet et al. 2008 (study 1),Reading,K-2,0.2545,0.002642,0.0514,77,1297,100,0.2,yes,yes,SYNTHETIC,SYNTHETIC,,fixture,n/a,SYNTHETIC FIXTURE -- not real data
F0083,33,garet et al. 2008 (study 2),Garet et al. 2008  (study 2),Reading,K-2,0.0215,0.020736,0.144,1148,948,39,0.2,yes,yes,SYNTHETIC,SYNTHETIC,,fixture,n/a,SYNTHETIC FIXTURE -- not real data
F0084,33,garet et al. 2008 (study 2),Garet et al. 2008  (study 2),Reading,K-2,0.2313,0.03822,0.1955,1318,151,109,0.2,yes,yes,SYNTHETIC,SYNTHETIC,,fixture,n/a,SYNTHETIC FIXTURE -- not real data
F0085,34,garet et al. 2011,Garet et al. 2011,Reading,7-12,0.0193,0.034188,0.1849,1165,271,27,0.2,yes,yes,SYNTHETIC,SYNTHETIC,,fixture,n/a,SYNTHETIC FIXTURE -- not real data
F0086,34,garet et al. 2011,Garet et al. 2011,Other,7-12,-0.0363,0.003493,0.0591,1343,1270,58,0.2,yes,yes,SYNTHETIC,SYNTHETIC,,fixture,n/a,SYNTHETIC FIXTURE -- not real data
F0087,35,garet et al. 2016,Garet et al. 2016,STEM,3-6,-0.167,0.004134,0.0643,241,595,116,0.2,yes,yes,SYNTHETIC,SYNTHETIC,,fixture,n/a,SYNTHETIC FIXTURE -- not real data
F0088,35,garet et al. 2016,Garet et al. 2016,Reading,3-6,0.0267,0.012499,0.1118,976,161,87,0.2,yes,yes,SYNTHETIC,SYNTHETIC,,fixture,n/a,SYNTHETIC FIXTURE -- not real data
F0089,36,gersten et al. 2010,Gersten et al. 2010,Reading,K-2,-0.1182,0.03752,0.1937,467,1403,103,0.2,yes,yes,SYNTHETIC,SYNTHETIC,,fixture,n/a,SYNTHETIC FIXTURE -- not real data
F0090,36,gersten et al. 2010,Gersten et al. 2010,Reading,K-2,-0.0365,0.010201,0.101,1308,217,115,0.2,yes,yes,SYNTHETIC,SYNTHETIC,,fixture,n/a,SYNTHETIC FIXTURE -- not real data
F0091,36,gersten et al. 2010,Gersten et al. 2010,STEM,K-2,0.0483,0.011837,0.1088,973,1202,21,0.2,yes,yes,SYNTHETIC,SYNTHETIC,,fixture,n/a,SYNTHETIC FIXTURE -- not real data
F0092,36,gersten et al. 2010,Gersten et al. 2010,Reading,K-2,-0.065,0.02247,0.1499,841,1149,38,0.2,yes,yes,SYNTHETIC,SYNTHETIC,,fixture,n/a,SYNTHETIC FIXTURE -- not real data
F0093,37,gorard et al. 2015,Gorard et al. 2015,Reading,3-6,0.0657,0.003481,0.059,272,616,64,0.2,yes,yes,SYNTHETIC,SYNTHETIC,,fixture,n/a,SYNTHETIC FIXTURE -- not real data
F0094,37,gorard et al. 2015,Gorard et al. 2015,Reading,3-6,0.0745,0.002948,0.0543,420,170,59,0.2,yes,yes,SYNTHETIC,SYNTHETIC,,fixture,n/a,SYNTHETIC FIXTURE -- not real data
F0095,37,gorard et al. 2015,Gorard et al. 2015,Reading,3-6,-0.0074,0.003709,0.0609,919,327,59,0.2,yes,yes,SYNTHETIC,SYNTHETIC,,fixture,n/a,SYNTHETIC FIXTURE -- not real data
F0096,37,gorard et al. 2015,Gorard et al. 2015,Reading,3-6,-0.0217,0.005491,0.0741,61,629,112,0.2,yes,yes,SYNTHETIC,SYNTHETIC,,fixture,n/a,SYNTHETIC FIXTURE -- not real data
F0097,38,gore et al. 2021,Gore et al. 2021,Reading,Mixed,0.3756,0.005929,0.077,1304,940,104,0.2,yes,yes,SYNTHETIC,SYNTHETIC,,fixture,n/a,SYNTHETIC FIXTURE -- not real data
F0098,38,gore et al. 2021,Gore et al. 2021,Reading,Mixed,0.3648,0.003505,0.0592,188,1473,101,0.2,yes,yes,SYNTHETIC,SYNTHETIC,,fixture,n/a,SYNTHETIC FIXTURE -- not real data
F0099,38,gore et al. 2021,Gore et al. 2021,Reading,Mixed,0.2777,0.005975,0.0773,967,601,97,0.2,yes,yes,SYNTHETIC,SYNTHETIC,,fixture,n/a,SYNTHETIC FIXTURE -- not real data
F0100,38,gore et al. 2021,Gore et al. 2021,STEM,Mixed,0.2211,0.004789,0.0692,1052,1220,109,0.2,yes,yes,SYNTHETIC,SYNTHETIC,,fixture,n/a,SYNTHETIC FIXTURE -- not real data
F0101,39,gore et al. 2021,Gore et al. 2021,Reading,Mixed,0.0557,0.002873,0.0536,1268,920,93,0.2,yes,yes,SYNTHETIC,SYNTHETIC,,fixture,n/a,SYNTHETIC FIXTURE -- not real data
F0102,39,gore et al. 2021,Gore et al. 2021,STEM,Mixed,0.1952,0.017109,0.1308,1316,839,102,0.2,yes,yes,SYNTHETIC,SYNTHETIC,,fixture,n/a,SYNTHETIC FIXTURE -- not real data
F0103,39,gore et al. 2021,Gore et al. 2021,Reading,Mixed,-0.2616,0.018796,0.1371,1379,160,93,0.2,yes,yes,SYNTHETIC,SYNTHETIC,,fixture,n/a,SYNTHETIC FIXTURE -- not real data
F0104,40,greenleaf et al. 2011,Greenleaf et al. 2011,Reading,7-12,0.2432,0.008836,0.094,1388,473,77,0.2,yes,yes,SYNTHETIC,SYNTHETIC,,fixture,n/a,SYNTHETIC FIXTURE -- not real data
F0105,40,greenleaf et al. 2011,Greenleaf et al. 2011,Reading,7-12,0.0822,0.006384,0.0799,1195,710,36,0.2,yes,yes,SYNTHETIC,SYNTHETIC,,fixture,n/a,SYNTHETIC FIXTURE -- not real data
F0106,41,guzmán et al. 2021,Guzmán et al. 2021,STEM,K-2,0.346,0.020363,0.1427,1166,967,63,0.2,yes,yes,SYNTHETIC,SYNTHETIC,,fixture,n/a,SYNTHETIC FIXTURE -- not real data
F0107,41,guzmán et al. 2021,Guzmán et al. 2021,Reading,K-2,0.3006,0.033379,0.1827,1212,522,111,0.2,yes,yes,SYNTHETIC,SYNTHETIC,,fixture,n/a,SYNTHETIC FIXTURE -- not real data
F0108,41,guzmán et al. 2021,Guzmán et al. 2021,Reading,K-2,0.0831,0.04223,0.2055,545,1054,87,0.2,yes,yes,SYNTHETIC,SYNTHETIC,,fixture,n/a,SYNTHETIC FIXTURE -- not real data
F0109,41,guzmán et al. 2021,Guzmán et al. 2021,STEM,K-2,0.055,0.029309,0.1712,744,286,94,0.2,yes,yes,SYNTHETIC,SYNTHETIC,,fixture,n/a,SYNTHETIC FIXTURE -- not real data
F0110,42,hanley et al. 2016,Hanley et al. 2016,Reading,7-12,0.3953,0.031648,0.1779,138,1469,98,0.2,yes,yes,SYNTHETIC,SYNTHETIC,,fixture,n/a,SYNTHETIC FIXTURE -- not real data
F0111,42,hanley et al. 2016,Hanley et al. 2016,Reading,7-12,0.1734,0.011556,0.1075,1376,152,89,0.2,yes,yes,SYNTHETIC,SYNTHETIC,,fixture,n/a,SYNTHETIC FIXTURE -- not real data
F0112,43,hanley et al. 2020,Hanley et al. 2020,STEM,3-6,0.1522,0.014185,0.1191,731,744,97,0.2,yes,yes,SYNTHETIC,SYNTHETIC,,fixture,n/a,SYNTHETIC FIXTURE -- not real data
F0113,43,hanley et al. 2020,Hanley et al. 2020,STEM,3-6,0.3206,0.032761,0.181,168,259,60,0.2,yes,yes,SYNTHETIC,SYNTHETIC,,fixture,n/a,SYNTHETIC FIXTURE -- not real data
F0114,43,hanley et al. 2020,Hanley et al. 2020,STEM,3-6,0.1472,0.014448,0.1202,165,1260,101,0.2,yes,yes,SYNTHETIC,SYNTHETIC,,fixture,n/a,SYNTHETIC FIXTURE -- not real data
F0115,44,hanselman et al. 2013,Hanselman et al. 2013,Reading,Mixed,0.099,0.013225,0.115,840,124,64,0.2,yes,yes,SYNTHETIC,SYNTHETIC,,fixture,n/a,SYNTHETIC FIXTURE -- not real data
F0116,44,hanselman et al. 2013,Hanselman et al. 2013,Reading,Mixed,0.2087,0.041738,0.2043,361,335,93,0.2,yes,yes,SYNTHETIC,SYNTHETIC,,fixture,n/a,SYNTHETIC FIXTURE -- not real data
F0117,45,heller et al. 2010,Heller et al. 2010,Reading,3-6,0.1053,0.003721,0.061,647,643,112,0.2,yes,yes,SYNTHETIC,SYNTHETIC,,fixture,n/a,SYNTHETIC FIXTURE -- not real data
F0118,45,heller et al. 2010,Heller et al. 2010,Reading,3-6,0.1453,0.006659,0.0816,739,239,104,0.2,yes,yes,SYNTHETIC,SYNTHETIC,,fixture,n/a,SYNTHETIC FIXTURE -- not real data
F0119,46,heller 2012,Heller 2012,Reading,7-12,-0.1285,0.005761,0.0759,510,1109,23,0.2,yes,yes,SYNTHETIC,SYNTHETIC,,fixture,n/a,SYNTHETIC FIXTURE -- not real data
F0120,47,herman et al. 2022,Herman et al. 2022,Other,Mixed,-0.0684,0.041128,0.2028,1204,932,33,0.2,yes,yes,SYNTHETIC,SYNTHETIC,,fixture,n/a,SYNTHETIC FIXTURE -- not real data
F0121,47,herman et al. 2022,Herman et al. 2022,Reading,Mixed,-0.1391,0.022112,0.1487,434,227,68,0.2,yes,yes,SYNTHETIC,SYNTHETIC,,fixture,n/a,SYNTHETIC FIXTURE -- not real data
F0122,47,herman et al. 2022,Herman et al. 2022,STEM,Mixed,-0.144,0.026309,0.1622,603,853,53,0.2,yes,yes,SYNTHETIC,SYNTHETIC,,fixture,n/a,SYNTHETIC FIXTURE -- not real data
F0123,48,hitchcock et al. 2011,Hitchcock et al. 2011,Reading,3-6,-0.1135,0.018879,0.1374,349,522,104,0.2,yes,yes,SYNTHETIC,SYNTHETIC,,fixture,n/a,SYNTHETIC FIXTURE -- not real data
F0124,48,hitchcock et al. 2011,Hitchcock et al. 2011,Reading,3-6,-0.0808,0.007674,0.0876,1175,1297,45,0.2,yes,yes,SYNTHETIC,SYNTHETIC,,fixture,n/a,SYNTHETIC FIXTURE -- not real data
F0125,49,humphrey et al. 2018,Humphrey et al. 2018,Reading,K-2,0.4479,0.028123,0.1677,455,1015,94,0.2,yes,yes,SYNTHETIC,SYNTHETIC,,fixture,n/a,SYNTHETIC FIXTURE -- not real data
F0126,49,humphrey et al. 2018,Humphrey et al. 2018,Other,K-2,0.3331,0.032472,0.1802,88,987,101,0.2,yes,yes,SYNTHETIC,SYNTHETIC,,fixture,n/a,SYNTHETIC FIXTURE -- not real data
F0127,49,humphrey et al. 2018,Humphrey et al. 2018,Reading,K-2,0.4334,0.019099,0.1382,1412,396,56,0.2,yes,yes,SYNTHETIC,SYNTHETIC,,fixture,n/a,SYNTHETIC FIXTURE -- not real data
F0128,50,"jaciw, hegseth et al. 2016","Jaciw, Hegseth et al. 2016",Reading,7-12,0.0342,0.002746,0.0524,318,1140,118,0.2,yes,yes,SYNTHETIC,SYNTHETIC,,fixture,n/a,SYNTHETIC FIXTURE -- not real data
F0129,50,"jaciw, hegseth et al. 2016","Jaciw, Hegseth et al. 2016",Reading,7-12,0.0409,0.008575,0.0926,109,354,25,0.2,yes,yes,SYNTHETIC,SYNTHETIC,,fixture,n/a,SYNTHETIC FIXTURE -- not real data
F0130,50,"jaciw, hegseth et al. 2016","Jaciw, Hegseth et al. 2016",Reading,7-12,-0.0057,0.030137,0.1736,523,428,49,0.2,yes,yes,SYNTHETIC,SYNTHETIC,,fixture,n/a,SYNTHETIC FIXTURE -- not real data
F0131,50,"jaciw, hegseth et al. 2016","Jaciw, Hegseth et al. 2016",Reading,7-12,0.0668,0.033893,0.1841,1193,1016,81,0.2,yes,yes,SYNTHETIC,SYNTHETIC,,fixture,n/a,SYNTHETIC FIXTURE -- not real data
F0132,51,"jaciw, schellinger et al. 2016","Jaciw, Schellinger et al. 2016",STEM,3-6,0.3333,0.046959,0.2167,1129,1082,86,0.2,yes,yes,SYNTHETIC,SYNTHETIC,,fixture,n/a,SYNTHETIC FIXTURE -- not real data
F0133,52,jacob 2017,Jacob 2017,Reading,Mixed,0.0892,0.024775,0.1574,861,1148,36,0.2,yes,yes,SYNTHETIC,SYNTHETIC,,fixture,n/a,SYNTHETIC FIXTURE -- not real data
F0134,53,jacob et al. 2017,Jacob et al. 2017,Other,3-6,0.1253,0.01452,0.1205,91,905,44,0.2,yes,yes,SYNTHETIC,SYNTHETIC,,fixture,n/a,SYNTHETIC FIXTURE -- not real data
F0135,53,jacob et al. 2017,Jacob et al. 2017,Reading,3-6,0.1072,0.031648,0.1779,1066,187,88,0.2,yes,yes,SYNTHETIC,SYNTHETIC,,fixture,n/a,SYNTHETIC FIXTURE -- not real data
F0136,53,jacob et al. 2017,Jacob et al. 2017,Other,3-6,0.0308,0.004251,0.0652,231,1397,63,0.2,yes,yes,SYNTHETIC,SYNTHETIC,,fixture,n/a,SYNTHETIC FIXTURE -- not real data
F0137,54,james-burdumy et al. 2010,James-Burdumy et al. 2010,STEM,3-6,0.1027,0.036519,0.1911,617,1456,44,0.2,yes,yes,SYNTHETIC,SYNTHETIC,,fixture,n/a,SYNTHETIC FIXTURE -- not real data
F0138,54,james-burdumy et al. 2010,James-Burdumy et al. 2010,Reading,3-6,0.0238,0.009643,0.0982,982,910,115,0.2,yes,yes,SYNTHETIC,SYNTHETIC,,fixture,n/a,SYNTHETIC FIXTURE -- not real data
F0139,54,james-burdumy et al. 2010,James-Burdumy et al. 2010,Other,3-6,-0.0146,0.007779,0.0882,1207,1292,102,0.2,yes,yes,SYNTHETIC,SYNTHETIC,,fixture,n/a,SYNTHETIC FIXTURE -- not real data
F0140,55,james-burdumy et al. 2010,James-Burdumy et al. 2010,STEM,3-6,0.0753,0.012746,0.1129,1470,815,29,0.2,yes,yes,SYNTHETIC,SYNTHETIC,,fixture,n/a,SYNTHETIC FIXTURE -- not real data
F0141,55,james-burdumy et al. 2010,James-Burdumy et al. 2010,STEM,3-6,-0.2639,0.046225,0.215,1461,1279,41,0.2,yes,yes,SYNTHETIC,SYNTHETIC,,fixture,n/a,SYNTHETIC FIXTURE -- not real data
F0142,56,james-burdumy et al. 2010,James-Burdumy et al. 2010,Reading,3-6,-0.0628,0.014448,0.1202,1003,1144,66,0.2,yes,yes,SYNTHETIC,SYNTHETIC,,fixture,n/a,SYNTHETIC FIXTURE -- not real data
F0143,56,james-burdumy et al. 2010,James-Burdumy et al. 2010,Reading,3-6,0.0249,0.030485,0.1746,1287,1054,66,0.2,yes,yes,SYNTHETIC,SYNTHETIC,,fixture,n/a,SYNTHETIC FIXTURE -- not real data
F0144,57,jay et al. 2017,Jay et al. 2017,Reading,3-6,-0.1485,0.012814,0.1132,139,1183,118,0.2,yes,yes,SYNTHETIC,SYNTHETIC,,fixture,n/a,SYNTHETIC FIXTURE -- not real data
F0145,57,jay et al. 2017,Jay et al. 2017,STEM,3-6,-0.0522,0.002862,0.0535,244,970,20,0.2,yes,yes,SYNTHETIC,SYNTHETIC,,fixture,n/a,SYNTHETIC FIXTURE -- not real data
F0146,57,jay et al. 2017,Jay et al. 2017,Reading,3-6,0.0736,0.042932,0.2072,352,252,115,0.2,yes,yes,SYNTHETIC,SYNTHETIC,,fixture,n/a,SYNTHETIC FIXTURE -- not real data
F0147,57,jay et al. 2017,Jay et al. 2017,Reading,3-6,-0.0348,0.026765,0.1636,789,1026,109,0.2,yes,yes,SYNTHETIC,SYNTHETIC,,fixture,n/a,SYNTHETIC FIXTURE -- not real data
F0148,58,jerrim et al. 2015,Jerrim et al. 2015,Other,3-6,0.2907,0.041128,0.2028,1102,1309,112,0.2,yes,yes,SYNTHETIC,SYNTHETIC,,fixture,n/a,SYNTHETIC FIXTURE -- not real data
F0149,58,jerrim et al. 2015,Jerrim et al. 2015,STEM,3-6,-0.0628,0.00472,0.0687,685,1273,118,0.2,yes,yes,SYNTHETIC,SYNTHETIC,,fixture,n/a,SYNTHETIC FIXTURE -- not real data
F0150,58,jerrim et al. 2015,Jerrim et al. 2015,Reading,3-6,-0.1444,0.0101,0.1005,1222,82,59,0.2,yes,yes,SYNTHETIC,SYNTHETIC,,fixture,n/a,SYNTHETIC FIXTURE -- not real data
F0151,58,jerrim et al. 2015,Jerrim et al. 2015,Reading,3-6,-0.0943,0.041209,0.203,532,682,66,0.2,yes,yes,SYNTHETIC,SYNTHETIC,,fixture,n/a,SYNTHETIC FIXTURE -- not real data
F0152,59,kitmitto et al. 2018,Kitmitto et al. 2018,Reading,3-6,0.1642,0.020335,0.1426,533,455,33,0.2,yes,yes,SYNTHETIC,SYNTHETIC,,fixture,n/a,SYNTHETIC FIXTURE -- not real data
F0153,60,konstantopoulos et al. 2013,Konstantopoulos et al. 2013,STEM,3-6,0.0252,0.008949,0.0946,104,1091,31,0.2,yes,yes,SYNTHETIC,SYNTHETIC,,fixture,n/a,SYNTHETIC FIXTURE -- not real data
F0154,61,konstantopoulos et al. 2016,Konstantopoulos et al. 2016,Other,3-6,-0.1315,0.047524,0.218,892,568,36,0.2,yes,yes,SYNTHETIC,SYNTHETIC,,fixture,n/a,SYNTHETIC FIXTURE -- not real data
F0155,61,konstantopoulos et al. 2016,Konstantopoulos et al. 2016,Reading,3-6,-0.0919,0.016435,0.1282,1350,139,23,0.2,yes,yes,SYNTHETIC,SYNTHETIC,,fixture,n/a,SYNTHETIC FIXTURE -- not real data
F0156,62,konstantopoulos et al. 2016,Konstantopoulos et al. 2016,STEM,K-2,0.1448,0.013526,0.1163,1382,1075,81,0.2,yes,yes,SYNTHETIC,SYNTHETIC,,fixture,n/a,SYNTHETIC FIXTURE -- not real data
F0157,62,konstantopoulos et al. 2016,Konstantopoulos et al. 2016,STEM,K-2,-0.1697,0.029412,0.1715,290,157,95,0.2,yes,yes,SYNTHETIC,SYNTHETIC,,fixture,n/a,SYNTHETIC FIXTURE -- not real data
F0158,62,konstantopoulos et al. 2016,Konstantopoulos et al. 2016,Reading,K-2,0.1025,0.007569,0.087,248,403,45,0.2,yes,yes,SYNTHETIC,SYNTHETIC,,fixture,n/a,SYNTHETIC FIXTURE -- not real data
F0159,62,konstantopoulos et al. 2016,Konstantopoulos et al. 2016,Reading,K-2,0.0351,0.012056,0.1098,1208,289,71,0.2,yes,yes,SYNTHETIC,SYNTHETIC,,fixture,n/a,SYNTHETIC FIXTURE -- not real data
F0160,63,kutaka et al. 2017,Kutaka et al. 2017,Reading,K-2,-0.1705,0.019072,0.1381,583,270,92,0.2,yes,yes,SYNTHETIC,SYNTHETIC,,fixture,n/a,SYNTHETIC FIXTURE -- not real data
F0161,64,landry et al. 2014,Landry et al. 2014,Reading,Pre-k,0.2268,0.006416,0.0801,1313,727,82,0.2,yes,yes,SYNTHETIC,SYNTHETIC,,fixture,n/a,SYNTHETIC FIXTURE -- not real data
F0162,64,landry et al. 2014,Landry et al. 2014,Reading,Pre-k,0.3337,0.010878,0.1043,964,690,73,0.2,yes,yes,SYNTHETIC,SYNTHETIC,,fixture,n/a,SYNTHETIC FIXTURE -- not real data
F0163,64,landry et al. 2014,Landry et al. 2014,Reading,Pre-k,0.1242,0.003158,0.0562,1109,1478,100,0.2,yes,yes,SYNTHETIC,SYNTHETIC,,fixture,n/a,SYNTHETIC FIXTURE -- not real data
F0164,64,landry et al. 2014,Landry et al. 2014,Reading,Pre-k,0.2765,0.038652,0.1966,83,375,60,0.2,yes,yes,SYNTHETIC,SYNTHETIC,,fixture,n/a,SYNTHETIC FIXTURE -- not real data
F0165,65,landry et al. 2017,Landry et al. 2017,Reading,Pre-k,0.0819,0.00377,0.0614,965,980,74,0.2,yes,yes,SYNTHETIC,SYNTHETIC,,fixture,n/a,SYNTHETIC FIXTURE -- not real data
F0166,65,landry et al. 2017,Landry et al. 2017,Reading,Pre-k,0.2614,0.03316,0.1821,1046,964,118,0.2,yes,yes,SYNTHETIC,SYNTHETIC,,fixture,n/a,SYNTHETIC FIXTURE -- not real data
F0167,65,landry et al. 2017,Landry et al. 2017,Reading,Pre-k,0.0389,0.029173,0.1708,751,1134,26,0.2,yes,yes,SYNTHETIC,SYNTHETIC,,fixture,n/a,SYNTHETIC FIXTURE -- not real data
F0168,65,landry et al. 2017,Landry et al. 2017,Other,Pre-k,0.0293,0.003295,0.0574,758,1122,113,0.2,yes,yes,SYNTHETIC,SYNTHETIC,,fixture,n/a,SYNTHETIC FIXTURE -- not real data
F0169,66,landry et al. 2021,Landry et al. 2021,Reading,Pre-k,0.0781,0.023226,0.1524,1077,675,104,0.2,yes,yes,SYNTHETIC,SYNTHETIC,,fixture,n/a,SYNTHETIC FIXTURE -- not real data
F0170,66,landry et al. 2021,Landry et al. 2021,STEM,Pre-k,0.0811,0.00996,0.0998,1013,769,68,0.2,yes,yes,SYNTHETIC,SYNTHETIC,,fixture,n/a,SYNTHETIC FIXTURE -- not real data
F0171,67,lang et al. 2009,Lang et al. 2009,Reading,7-12,0.2068,0.020736,0.144,1083,295,40,0.2,yes,yes,SYNTHETIC,SYNTHETIC,,fixture,n/a,SYNTHETIC FIXTURE -- not real data
F0172,67,lang et al. 2009,Lang et al. 2009,Reading,7-12,0.1733,0.011642,0.1079,708,635,98,0.2,yes,yes,SYNTHETIC,SYNTHETIC,,fixture,n/a,SYNTHETIC FIXTURE -- not real data
F0173,67,lang et al. 2009,Lang et al. 2009,Reading,7-12,0.1641,0.044394,0.2107,657,685,36,0.2,yes,yes,SYNTHETIC,SYNTHETIC,,fixture,n/a,SYNTHETIC FIXTURE -- not real data
F0174,67,lang et al. 2009,Lang et al. 2009,Reading,7-12,0.0159,0.042973,0.2073,759,542,55,0.2,yes,yes,SYNTHETIC,SYNTHETIC,,fixture,n/a,SYNTHETIC FIXTURE -- not real data
F0175,68,lang et al. 2009,Lang et al. 2009,STEM,7-12,0.0065,0.032472,0.1802,979,1341,44,0.2,yes,yes,SYNTHETIC,SYNTHETIC,,fixture,n/a,SYNTHETIC FIXTURE -- not real data
F0176,68,lang et al. 2009,Lang et al. 2009,STEM,7-12,-0.0045,0.016078,0.1268,1072,1333,57,0.2,yes,yes,SYNTHETIC,SYNTHETIC,,fixture,n/a,SYNTHETIC FIXTURE -- not real data
F0177,68,lang et al. 2009,Lang et al. 2009,Reading,7-12,-0.0247,0.037947,0.1948,1156,192,35,0.2,yes,yes,SYNTHETIC,SYNTHETIC,,fixture,n/a,SYNTHETIC FIXTURE -- not real data
F0178,69,lang et al. 2009,Lang et al. 2009,Reading,7-12,0.0691,0.043306,0.2081,116,1177,70,0.2,yes,yes,SYNTHETIC,SYNTHETIC,,fixture,n/a,SYNTHETIC FIXTURE -- not real data
F0179,69,lang et al. 2009,Lang et al. 2009,Reading,7-12,-0.0074,0.011751,0.1084,1242,195,101,0.2,yes,yes,SYNTHETIC,SYNTHETIC,,fixture,n/a,SYNTHETIC FIXTURE -- not real data
F0180,70,lesaux et al. 2014,Lesaux et al. 2014,STEM,3-6,0.0655,0.039442,0.1986,751,1283,106,0.2,yes,yes,SYNTHETIC,SYNTHETIC,,fixture,n/a,SYNTHETIC FIXTURE -- not real data
F0181,70,lesaux et al. 2014,Lesaux et al. 2014,Reading,3-6,-0.2315,0.021727,0.1474,488,846,74,0.2,yes,yes,SYNTHETIC,SYNTHETIC,,fixture,n/a,SYNTHETIC FIXTURE -- not real data
F0182,70,lesaux et al. 2014,Lesaux et al. 2014,Reading,3-6,-0.2597,0.02605,0.1614,1054,429,48,0.2,yes,yes,SYNTHETIC,SYNTHETIC,,fixture,n/a,SYNTHETIC FIXTURE -- not real data
F0183,71,lewis presser et al. 2015,Lewis Presser et al. 2015,STEM,prek,0.2609,0.01428,0.1195,402,447,29,0.2,yes,yes,SYNTHETIC,SYNTHETIC,,fixture,n/a,SYNTHETIC FIXTURE -- not real data
F0184,71,lewis presser et al. 2015,Lewis Presser et al. 2015,Reading,prek,0.281,0.007815,0.0884,1189,1202,113,0.2,yes,yes,SYNTHETIC,SYNTHETIC,,fixture,n/a,SYNTHETIC FIXTURE -- not real data
F0185,72,little et al. 2014,Little et al. 2014,STEM,Mixed,0.657,0.035269,0.1878,539,449,77,0.2,yes,yes,SYNTHETIC,SYNTHETIC,,fixture,n/a,SYNTHETIC FIXTURE -- not real data
F0186,72,little et al. 2014,Little et al. 2014,Reading,Mixed,0.2947,0.038967,0.1974,1439,1314,110,0.2,yes,yes,SYNTHETIC,SYNTHETIC,,fixture,n/a,SYNTHETIC FIXTURE -- not real data
F0187,72,little et al. 2014,Little et al. 2014,Reading,Mixed,0.1876,0.004914,0.0701,883,906,52,0.2,yes,yes,SYNTHETIC,SYNTHETIC,,fixture,n/a,SYNTHETIC FIXTURE -- not real data
F0188,73,llosa et al. 2016,Llosa et al. 2016,Reading,3-6,-0.0701,0.03045,0.1745,927,499,29,0.2,yes,yes,SYNTHETIC,SYNTHETIC,,fixture,n/a,SYNTHETIC FIXTURE -- not real data
F0189,73,llosa et al. 2016,Llosa et al. 2016,Reading,3-6,0.2034,0.003758,0.0613,646,1233,66,0.2,yes,yes,SYNTHETIC,SYNTHETIC,,fixture,n/a,SYNTHETIC FIXTURE -- not real data
F0190,73,llosa et al. 2016,Llosa et al. 2016,STEM,3-6,-0.0609,0.030906,0.1758,891,548,101,0.2,yes,yes,SYNTHETIC,SYNTHETIC,,fixture,n/a,SYNTHETIC FIXTURE -- not real data
F0191,73,llosa et al. 2016,Llosa et al. 2016,Reading,3-6,-0.179,0.036557,0.1912,558,1222,66,0.2,yes,yes,SYNTHETIC,SYNTHETIC,,fixture,n/a,SYNTHETIC FIXTURE -- not real data
F0192,74,ludwig&song 2015,Ludwig & Song 2015,Reading,Pre-k,0.0156,0.020765,0.1441,1134,419,87,0.2,yes,yes,SYNTHETIC,SYNTHETIC,,fixture,n/a,SYNTHETIC FIXTURE -- not real data
F0193,74,ludwig&song 2015,Ludwig & Song 2015,Reading,Pre-k,0.0932,0.046182,0.2149,273,361,68,0.2,yes,yes,SYNTHETIC,SYNTHETIC,,fixture,n/a,SYNTHETIC FIXTURE -- not real data
F0194,74,ludwig&song 2015,Ludwig & Song 2015,Reading,Pre-k,-0.0329,0.042312,0.2057,387,1421,74,0.2,yes,yes,SYNTHETIC,SYNTHETIC,,fixture,n/a,SYNTHETIC FIXTURE -- not real data
F0195,74,ludwig&song 2015,Ludwig & Song 2015,Other,Pre-k,-0.0177,0.004147,0.0644,1138,1202,91,0.2,yes,yes,SYNTHETIC,SYNTHETIC,,fixture,n/a,SYNTHETIC FIXTURE -- not real data
F0196,75,mattera et al. 2018,Mattera et al. 2018,Reading,Pre-k,0.0353,0.032906,0.1814,1412,527,66,0.2,yes,yes,SYNTHETIC,SYNTHETIC,,fixture,n/a,SYNTHETIC FIXTURE -- not real data
F0197,75,mattera et al. 2018,Mattera et al. 2018,Reading,Pre-k,-0.0269,0.003994,0.0632,1496,1082,42,0.2,yes,yes,SYNTHETIC,SYNTHETIC,,fixture,n/a,SYNTHETIC FIXTURE -- not real data
F0198,75,mattera et al. 2018,Mattera et al. 2018,STEM,Pre-k,-0.0375,0.011837,0.1088,807,780,40,0.2,yes,yes,SYNTHETIC,SYNTHETIC,,fixture,n/a,SYNTHETIC FIXTURE -- not real data
F0199,76,mattera et al. 2018,Mattera et al. 2018,STEM,Pre-k,-0.0061,0.027956,0.1672,669,888,31,0.2,yes,yes,SYNTHETIC,SYNTHETIC,,fixture,n/a,SYNTHETIC FIXTURE -- not real data
F0200,76,mattera et al. 2018,Mattera et al. 2018,Reading,Pre-k,-0.1061,0.002981,0.0546,949,284,105,0.2,yes,yes,SYNTHETIC,SYNTHETIC,,fixture,n/a,SYNTHETIC FIXTURE -- not real data
F0201,76,mattera et al. 2018,Mattera et al. 2018,Reading,Pre-k,-0.0111,0.02088,0.1445,893,1092,36,0.2,yes,yes,SYNTHETIC,SYNTHETIC,,fixture,n/a,SYNTHETIC FIXTURE -- not real data
F0202,77,may et al. 2016,May et al. 2016,Other,K-2,0.0603,0.0075,0.0866,387,1039,115,0.2,yes,yes,SYNTHETIC,SYNTHETIC,,fixture,n/a,SYNTHETIC FIXTURE -- not real data
F0203,77,may et al. 2016,May et al. 2016,STEM,K-2,-0.0325,0.007482,0.0865,534,278,115,0.2,yes,yes,SYNTHETIC,SYNTHETIC,,fixture,n/a,SYNTHETIC FIXTURE -- not real data
F0204,78,meyers et al. 2016,Meyers et al. 2016,Reading,7-12,0.0532,0.024712,0.1572,128,926,119,0.2,yes,yes,SYNTHETIC,SYNTHETIC,,fixture,n/a,SYNTHETIC FIXTURE -- not real data
F0205,78,meyers et al. 2016,Meyers et al. 2016,Reading,7-12,0.328,0.023808,0.1543,1119,898,80,0.2,yes,yes,SYNTHETIC,SYNTHETIC,,fixture,n/a,SYNTHETIC FIXTURE -- not real data
F0206,79,miller et al. 2017,Miller et al. 2017,Reading,K-2,0.1017,0.043723,0.2091,972,1129,26,0.2,yes,yes,SYNTHETIC,SYNTHETIC,,fixture,n/a,SYNTHETIC FIXTURE -- not real data
F0207,79,miller et al. 2017,Miller et al. 2017,STEM,K-2,-0.0593,0.014957,0.1223,471,285,99,0.2,yes,yes,SYNTHETIC,SYNTHETIC,,fixture,n/a,SYNTHETIC FIXTURE -- not real data
F0208,80,motteram et al. 2016,Motteram et al. 2016,Reading,3-6,0.5963,0.045029,0.2122,1073,118,84,0.2,yes,yes,SYNTHETIC,SYNTHETIC,,fixture,n/a,SYNTHETIC FIXTURE -- not real data
F0209,81,murphy et al. 2020,Murphy et al. 2020,Reading,7-12,0.1678,0.014304,0.1196,1478,684,50,0.2,yes,yes,SYNTHETIC,SYNTHETIC,,fixture,n/a,SYNTHETIC FIXTURE -- not real data
F0210,81,murphy et al. 2020,Murphy et al. 2020,STEM,7-12,-0.4174,0.038142,0.1953,109,772,39,0.2,yes,yes,SYNTHETIC,SYNTHETIC,,fixture,n/a,SYNTHETIC FIXTURE -- not real data
F0211,81,murphy et al. 2020,Murphy et al. 2020,Other,7-12,0.1628,0.006906,0.0831,917,213,89,0.2,yes,yes,SYNTHETIC,SYNTHETIC,,fixture,n/a,SYNTHETIC FIXTURE -- not real data
F0212,82,murphy et al. 2021,Murphy et al. 2021,Reading,3-6,0.0044,0.033452,0.1829,389,1453,41,0.2,yes,yes,SYNTHETIC,SYNTHETIC,,fixture,n/a,SYNTHETIC FIXTURE -- not real data
F0213,82,murphy et al. 2021,Murphy et al. 2021,Reading,3-6,-0.0058,0.008028,0.0896,969,594,60,0.2,yes,yes,SYNTHETIC,SYNTHETIC,,fixture,n/a,SYNTHETIC FIXTURE -- not real data
F0214,82,murphy et al. 2021,Murphy et al. 2021,Reading,3-6,0.0755,0.034932,0.1869,142,1316,93,0.2,yes,yes,SYNTHETIC,SYNTHETIC,,fixture,n/a,SYNTHETIC FIXTURE -- not real data
F0215,82,murphy et al. 2021,Murphy et al. 2021,STEM,3-6,0.0536,0.017503,0.1323,927,268,90,0.2,yes,yes,SYNTHETIC,SYNTHETIC,,fixture,n/a,SYNTHETIC FIXTURE -- not real data
F0216,83,newman et al. 2012,Newman et al. 2012,STEM,Mixed,0.4271,0.013689,0.117,1087,106,69,0.2,yes,yes,SYNTHETIC,SYNTHETIC,,fixture,n/a,SYNTHETIC FIXTURE -- not real data
F0217,84,nugent et al. 2016,Nugent et al. 2016,Reading,7-12,0.0959,0.005055,0.0711,927,454,82,0.2,yes,yes,SYNTHETIC,SYNTHETIC,,fixture,n/a,SYNTHETIC FIXTURE -- not real data
F0218,85,o'hare et al. 2019,O'Hare et al. 2019,Reading,K-2,-0.3158,0.024586,0.1568,245,884,35,0.2,yes,yes,SYNTHETIC,SYNTHETIC,,fixture,n/a,SYNTHETIC FIXTURE -- not real data
F0219,85,o'hare et al. 2019,O'Hare et al. 2019,Reading,K-2,0.0438,0.007006,0.0837,497,398,52,0.2,yes,yes,SYNTHETIC,SYNTHETIC,,fixture,n/a,SYNTHETIC FIXTURE -- not real data
F0220,85,o'hare et al. 2019,O'Hare et al. 2019,Reading,K-2,-0.1499,0.003136,0.056,706,473,22,0.2,yes,yes,SYNTHETIC,SYNTHETIC,,fixture,n/a,SYNTHETIC FIXTURE -- not real data
F0221,85,o'hare et al. 2019,O'Hare et al. 2019,Reading,K-2,0.1172,0.016461,0.1283,942,780,43,0.2,yes,yes,SYNTHETIC,SYNTHETIC,,fixture,n/a,SYNTHETIC FIXTURE -- not real data
F0222,86,olson et al. 2012,Olson et al. 2012,Reading,7-12,0.3511,0.028696,0.1694,941,1013,53,0.2,yes,yes,SYNTHETIC,SYNTHETIC,,fixture,n/a,SYNTHETIC FIXTURE -- not real data
F0223,87,olson et al. 2017,Olson et al. 2017,STEM,7-12,0.1417,0.002601,0.051,908,167,30,0.2,yes,yes,SYNTHETIC,SYNTHETIC,,fixture,n/a,SYNTHETIC FIXTURE -- not real data
F0224,87,olson et al. 2017,Olson et al. 2017,Reading,7-12,-0.1353,0.038259,0.1956,723,72,99,0.2,yes,yes,SYNTHETIC,SYNTHETIC,,fixture,n/a,SYNTHETIC FIXTURE -- not real data
F0225,88,olson et al. 2020,Olson et al. 2020,Reading,7-12,0.119,0.00252,0.0502,291,247,53,0.2,yes,yes,SYNTHETIC,SYNTHETIC,,fixture,n/a,SYNTHETIC FIXTURE -- not real data
F0226,88,olson et al. 2020,Olson et al. 2020,Reading,7-12,0.1565,0.033636,0.1834,1400,481,55,0.2,yes,yes,SYNTHETIC,SYNTHETIC,,fixture,n/a,SYNTHETIC FIXTURE -- not real data
F0227,88,olson et al. 2020,Olson et al. 2020,Reading,7-12,0.4966,0.043306,0.2081,1351,1136,82,0.2,yes,yes,SYNTHETIC,SYNTHETIC,,fixture,n/a,SYNTHETIC FIXTURE -- not real data
F0228,88,olson et al. 2020,Olson et al. 2020,STEM,7-12,0.0224,0.01002,0.1001,788,1352,56,0.2,yes,yes,SYNTHETIC,SYNTHETIC,,fixture,n/a,SYNTHETIC FIXTURE -- not real data
F0229,89,pcer (2008),PCER (2008),Reading,Pre-k,0.277,0.011513,0.1073,357,708,49,0.2,yes,yes,SYNTHETIC,SYNTHETIC,,fixture,n/a,SYNTHETIC FIXTURE -- not real data
F0230,90,portes et al. 2018,Portes et al. 2018,Reading,3-6,-0.2031,0.035759,0.1891,1432,1048,94,0.2,yes,yes,SYNTHETIC,SYNTHETIC,,fixture,n/a,SYNTHETIC FIXTURE -- not real data
F0231,90,portes et al. 2018,Portes et al. 2018,Reading,3-6,0.2711,0.017135,0.1309,997,1408,71,0.2,yes,yes,SYNTHETIC,SYNTHETIC,,fixture,n/a,SYNTHETIC FIXTURE -- not real data
F0232,91,powell et al. 2010,Powell et al. 2010,STEM,Pre-k,0.2928,0.040562,0.2014,793,901,49,0.2,yes,yes,SYNTHETIC,SYNTHETIC,,fixture,n/a,SYNTHETIC FIXTURE -- not real data
F0233,92,prast et al. 2018,Prast et al. 2018,STEM,Mixed,0.0599,0.044394,0.2107,1461,1298,20,0.2,yes,yes,SYNTHETIC,SYNTHETIC,,fixture,n/a,SYNTHETIC FIXTURE -- not real data
F0234,92,prast et al. 2018,Prast et al. 2018,Reading,Mixed,0.0152,0.01565,0.1251,497,683,75,0.2,yes,yes,SYNTHETIC,SYNTHETIC,,fixture,n/a,SYNTHETIC FIXTURE -- not real data
F0235,93,quint et al. 2015,Quint et al. 2015,Reading,3-6,-0.1205,0.014617,0.1209,1161,1417,59,0.2,yes,yes,SYNTHETIC,SYNTHETIC,,fixture,n/a,SYNTHETIC FIXTURE -- not real data
F0236,94,randel et al. 2016,Randel et al. 2016,Reading,3-6,-0.3564,0.031755,0.1782,728,581,81,0.2,yes,yes,SYNTHETIC,SYNTHETIC,,fixture,n/a,SYNTHETIC FIXTURE -- not real data
F0237,94,randel et al. 2016,Randel et al. 2016,Reading,3-6,-0.1448,0.010241,0.1012,638,1254,24,0.2,yes,yes,SYNTHETIC,SYNTHETIC,,fixture,n/a,SYNTHETIC FIXTURE -- not real data
F0238,94,randel et al. 2016,Randel et al. 2016,STEM,3-6,-0.0618,0.031329,0.177,558,1246,108,0.2,yes,yes,SYNTHETIC,SYNTHETIC,,fixture,n/a,SYNTHETIC FIXTURE -- not real data
F0239,95,reid et al. 2014,Reid et al. 2014,Other,K-2,0.2479,0.042518,0.2062,487,189,82,0.2,yes,yes,SYNTHETIC,SYNTHETIC,,fixture,n/a,SYNTHETIC FIXTURE -- not real data
F0240,96,reinke et al. 2018,Reinke et al. 2018,Other,Mixed,-0.3625,0.036902,0.1921,939,821,62,0.2,yes,yes,SYNTHETIC,SYNTHETIC,,fixture,n/a,SYNTHETIC FIXTURE -- not real data
F0241,96,reinke et al. 2018,Reinke et al. 2018,STEM,Mixed,-0.204,0.034708,0.1863,541,1193,40,0.2,yes,yes,SYNTHETIC,SYNTHETIC,,fixture,n/a,SYNTHETIC FIXTURE -- not real data
F0242,96,reinke et al. 2018,Reinke et al. 2018,STEM,Mixed,-0.1271,0.025091,0.1584,1474,1467,37,0.2,yes,yes,SYNTHETIC,SYNTHETIC,,fixture,n/a,SYNTHETIC FIXTURE -- not real data
F0243,97,resendez&azin 2009,Resendez & Azin 2009,STEM,Mixed,0.0866,0.004816,0.0694,902,599,35,0.2,yes,yes,SYNTHETIC,SYNTHETIC,,fixture,n/a,SYNTHETIC FIXTURE -- not real data
F0244,97,resendez&azin 2009,Resendez & Azin 2009,Reading,Mixed,-0.0712,0.034003,0.1844,367,664,42,0.2,yes,yes,SYNTHETIC,SYNTHETIC,,fixture,n/a,SYNTHETIC FIXTURE -- not real data
F0245,97,resendez&azin 2009,Resendez & Azin 2009,Other,Mixed,0.044,0.007903,0.0889,1245,1175,29,0.2,yes,yes,SYNTHETIC,SYNTHETIC,,fixture,n/a,SYNTHETIC FIXTURE -- not real data
F0246,97,resendez&azin 2009,Resendez & Azin 2009,STEM,Mixed,0.0963,0.015851,0.1259,1343,1128,100,0.2,yes,yes,SYNTHETIC,SYNTHETIC,,fixture,n/a,SYNTHETIC FIXTURE -- not real data
F0247,98,resendez&azin 2012,Resendez & Azin 2012,STEM,K-2,0.3788,0.014424,0.1201,82,1264,74,0.2,yes,yes,SYNTHETIC,SYNTHETIC,,fixture,n/a,SYNTHETIC FIXTURE -- not real data
F0248,98,resendez&azin 2012,Resendez & Azin 2012,Reading,K-2,0.1324,0.008464,0.092,1344,810,85,0.2,yes,yes,SYNTHETIC,SYNTHETIC,,fixture,n/a,SYNTHETIC FIXTURE -- not real data
F0249,98,resendez&azin 2012,Resendez & Azin 2012,Reading,K-2,0.1321,0.040844,0.2021,504,941,80,0.2,yes,yes,SYNTHETIC,SYNTHETIC,,fixture,n/a,SYNTHETIC FIXTURE -- not real data
F0250,99,robinson-smith et al. 2018,Robinson-Smith et al. 2018,Reading,Pre-k,0.2024,0.002767,0.0526,312,230,87,0.2,yes,yes,SYNTHETIC,SYNTHETIC,,fixture,n/a,SYNTHETIC FIXTURE -- not real data
F0251,99,robinson-smith et al. 2018,Robinson-Smith et al. 2018,Reading,Pre-k,0.4216,0.028056,0.1675,334,574,33,0.2,yes,yes,SYNTHETIC,SYNTHETIC,,fixture,n/a,SYNTHETIC FIXTURE -- not real data
F0252,100,rose 2017,Rose 2017,Reading,3-6,-0.0208,0.002632,0.0513,1102,759,83,0.2,yes,yes,SYNTHETIC,SYNTHETIC,,fixture,n/a,SYNTHETIC FIXTURE -- not real data
F0253,100,rose 2017,Rose 2017,STEM,3-6,0.0616,0.012792,0.1131,1447,1323,70,0.2,yes,yes,SYNTHETIC,SYNTHETIC,,fixture,n/a,SYNTHETIC FIXTURE -- not real data
F0254,100,rose 2017,Rose 2017,Reading,3-6,0.0287,0.003136,0.056,391,68,109,0.2,yes,yes,SYNTHETIC,SYNTHETIC,,fixture,n/a,SYNTHETIC FIXTURE -- not real data
F0255,101,rudd et al. 2017,Rudd et al. 2017,Other,3-6,0.1008,0.00255,0.0505,865,161,51,0.2,yes,yes,SYNTHETIC,SYNTHETIC,,fixture,n/a,SYNTHETIC FIXTURE -- not real data
F0256,102,rutherford et al. 2014,Rutherford et al. 2014,Reading,3-6,0.2992,0.032942,0.1815,738,642,89,0.2,yes,yes,SYNTHETIC,SYNTHETIC,,fixture,n/a,SYNTHETIC FIXTURE -- not real data
F0257,102,rutherford et al. 2014,Rutherford et al. 2014,Reading,3-6,0.1736,0.01006,0.1003,965,539,115,0.2,yes,yes,SYNTHETIC,SYNTHETIC,,fixture,n/a,SYNTHETIC FIXTURE -- not real data
F0258,103,savage et al. 2013,Savage et al. 2013,Reading,K-2,0.0565,0.041616,0.204,361,931,85,0.2,yes,yes,SYNTHETIC,SYNTHETIC,,fixture,n/a,SYNTHETIC FIXTURE -- not real data
F0259,104,schmidt et al. 2020,Schmidt et al. 2020,STEM,3-6,0.1251,0.01092,0.1045,449,1010,52,0.2,yes,yes,SYNTHETIC,SYNTHETIC,,fixture,n/a,SYNTHETIC FIXTURE -- not real data
F0260,104,schmidt et al. 2020,Schmidt et al. 2020,STEM,3-6,0.1543,0.046053,0.2146,702,879,112,0.2,yes,yes,SYNTHETIC,SYNTHETIC,,fixture,n/a,SYNTHETIC FIXTURE -- not real data
F0261,104,schmidt et al. 2020,Schmidt et al. 2020,Reading,3-6,0.102,0.002621,0.0512,1238,498,46,0.2,yes,yes,SYNTHETIC,SYNTHETIC,,fixture,n/a,SYNTHETIC FIXTURE -- not real data
F0262,105,schneider et al. 2021,Schneider et al. 2021,Reading,7-12,0.2584,0.007517,0.0867,975,735,94,0.2,yes,yes,SYNTHETIC,SYNTHETIC,,fixture,n/a,SYNTHETIC FIXTURE -- not real data
F0263,105,schneider et al. 2021,Schneider et al. 2021,Reading,7-12,0.5032,0.02259,0.1503,774,609,84,0.2,yes,yes,SYNTHETIC,SYNTHETIC,,fixture,n/a,SYNTHETIC FIXTURE -- not real data
F0264,105,schneider et al. 2021,Schneider et al. 2021,STEM,7-12,0.3728,0.004436,0.0666,1018,1365,25,0.2,yes,yes,SYNTHETIC,SYNTHETIC,,fixture,n/a,SYNTHETIC FIXTURE -- not real data
F0265,106,schoen et al. 2020,Schoen et al. 2020,STEM,K-2,-0.108,0.014738,0.1214,107,118,72,0.2,yes,yes,SYNTHETIC,SYNTHETIC,,fixture,n/a,SYNTHETIC FIXTURE -- not real data
F0266,106,schoen et al. 2020,Schoen et al. 2020,Reading,K-2,-0.0646,0.011837,0.1088,1218,1282,66,0.2,yes,yes,SYNTHETIC,SYNTHETIC,,fixture,n/a,SYNTHETIC FIXTURE -- not real data
F0267,106,schoen et al. 2020,Schoen et al. 2020,STEM,K-2,-0.3661,0.043765,0.2092,784,397,102,0.2,yes,yes,SYNTHETIC,SYNTHETIC,,fixture,n/a,SYNTHETIC FIXTURE -- not real data
F0268,106,schoen et al. 2020,Schoen et al. 2020,Reading,K-2,-0.1557,0.037947,0.1948,970,791,67,0.2,yes,yes,SYNTHETIC,SYNTHETIC,,fixture,n/a,SYNTHETIC FIXTURE -- not real data
F0269,107,shechtman et al. 2019,Shechtman et al. 2019,STEM,3-6,0.0695,0.023165,0.1522,115,1387,46,0.2,yes,yes,SYNTHETIC,SYNTHETIC,,fixture,n/a,SYNTHETIC FIXTURE -- not real data
F0270,107,shechtman et al. 2019,Shechtman et al. 2019,Reading,3-6,-0.2667,0.047611,0.2182,323,1337,67,0.2,yes,yes,SYNTHETIC,SYNTHETIC,,fixture,n/a,SYNTHETIC FIXTURE -- not real data
F0271,108,simmons et al. 2011,Simmons et al. 2011,Reading,K-2,0.1004,0.00552,0.0743,657,881,38,0.2,yes,yes,SYNTHETIC,SYNTHETIC,,fixture,n/a,SYNTHETIC FIXTURE -- not real data
F0272,109,sloan et al. 2018,Sloan et al. 2018,Reading,K-2,0.2023,0.033124,0.182,1077,535,24,0.2,yes,yes,SYNTHETIC,SYNTHETIC,,fixture,n/a,SYNTHETIC FIXTURE -- not real data
F0273,110,smith et al. 2016,Smith et al. 2016,Reading,K-2,-0.3205,0.031294,0.1769,657,1034,58,0.2,yes,yes,SYNTHETIC,SYNTHETIC,,fixture,n/a,SYNTHETIC FIXTURE -- not real data
F0274,110,smith et al. 2016,Smith et al. 2016,Reading,K-2,0.0691,0.005271,0.0726,155,450,103,0.2,yes,yes,SYNTHETIC,SYNTHETIC,,fixture,n/a,SYNTHETIC FIXTURE -- not real data
F0275,110,smith et al. 2016,Smith et al. 2016,Reading,K-2,0.2357,0.046872,0.2165,233,450,72,0.2,yes,yes,SYNTHETIC,SYNTHETIC,,fixture,n/a,SYNTHETIC FIXTURE -- not real data
F0276,111,somers et al. 2010,Somers et al. 2010,STEM,7-12,-0.2211,0.036826,0.1919,247,519,86,0.2,yes,yes,SYNTHETIC,SYNTHETIC,,fixture,n/a,SYNTHETIC FIXTURE -- not real data
F0277,111,somers et al. 2010,Somers et al. 2010,Reading,7-12,0.1053,0.003684,0.0607,548,189,95,0.2,yes,yes,SYNTHETIC,SYNTHETIC,,fixture,n/a,SYNTHETIC FIXTURE -- not real data
F0278,111,somers et al. 2010,Somers et al. 2010,Reading,7-12,0.0523,0.003919,0.0626,463,555,27,0.2,yes,yes,SYNTHETIC,SYNTHETIC,,fixture,n/a,SYNTHETIC FIXTURE -- not real data
F0279,112,somers et al. 2010,Somers et al. 2010,Reading,7-12,0.0457,0.047699,0.2184,1060,881,78,0.2,yes,yes,SYNTHETIC,SYNTHETIC,,fixture,n/a,SYNTHETIC FIXTURE -- not real data
F0280,113,song et al. 2021,Song et al. 2021,Reading,Mixed,0.122,0.006022,0.0776,841,670,36,0.2,yes,yes,SYNTHETIC,SYNTHETIC,,fixture,n/a,SYNTHETIC FIXTURE -- not real data
F0281,113,song et al. 2021,Song et al. 2021,Reading,Mixed,0.1011,0.004706,0.0686,418,352,106,0.2,yes,yes,SYNTHETIC,SYNTHETIC,,fixture,n/a,SYNTHETIC FIXTURE -- not real data
F0282,113,song et al. 2021,Song et al. 2021,Reading,Mixed,0.0269,0.03052,0.1747,94,1202,108,0.2,yes,yes,SYNTHETIC,SYNTHETIC,,fixture,n/a,SYNTHETIC FIXTURE -- not real data
F0283,113,song et al. 2021,Song et al. 2021,STEM,Mixed,0.0044,0.034373,0.1854,195,1391,110,0.2,yes,yes,SYNTHETIC,SYNTHETIC,,fixture,n/a,SYNTHETIC FIXTURE -- not real data
F0284,114,speckesser et al. 2018,Speckesser et al. 2018,Reading,7-12,0.1572,0.016205,0.1273,1425,547,41,0.2,yes,yes,SYNTHETIC,SYNTHETIC,,fixture,n/a,SYNTHETIC FIXTURE -- not real data
F0285,115,stevens&slavin 1995,Stevens & Slavin 1995,Other,Mixed,0.2257,0.034262,0.1851,173,859,31,0.2,yes,yes,SYNTHETIC,SYNTHETIC,,fixture,n/a,SYNTHETIC FIXTURE -- not real data
F0286,116,stokes et al. 2018,Stokes et al. 2018,Reading,K-2,0.1866,0.042066,0.2051,597,1097,97,0.2,yes,yes,SYNTHETIC,SYNTHETIC,,fixture,n/a,SYNTHETIC FIXTURE -- not real data
F0287,117,styles et al. 2014,Styles et al. 2014,Reading,3-6,0.2644,0.004928,0.0702,1348,1343,93,0.2,yes,yes,SYNTHETIC,SYNTHETIC,,fixture,n/a,SYNTHETIC FIXTURE -- not real data
F0288,117,styles et al. 2014,Styles et al. 2014,Reading,3-6,0.3895,0.029653,0.1722,1440,360,71,0.2,yes,yes,SYNTHETIC,SYNTHETIC,,fixture,n/a,SYNTHETIC FIXTURE -- not real data
F0289,118,sutherland et al. 2019,Sutherland et al. 2019,STEM,3-6,-0.004,0.004775,0.0691,1405,1487,78,0.2,yes,yes,SYNTHETIC,SYNTHETIC,,fixture,n/a,SYNTHETIC FIXTURE -- not real data
F0290,118,sutherland et al. 2019,Sutherland et al. 2019,Reading,3-6,-0.0826,0.01199,0.1095,177,1069,20,0.2,yes,yes,SYNTHETIC,SYNTHETIC,,fixture,n/a,SYNTHETIC FIXTURE -- not real data
F0291,118,sutherland et al. 2019,Sutherland et al. 2019,STEM,3-6,-0.0023,0.005271,0.0726,942,1052,64,0.2,yes,yes,SYNTHETIC,SYNTHETIC,,fixture,n/a,SYNTHETIC FIXTURE -- not real data
F0292,118,sutherland et al. 2019,Sutherland et al. 2019,STEM,3-6,0.0316,0.0101,0.1005,471,1028,48,0.2,yes,yes,SYNTHETIC,SYNTHETIC,,fixture,n/a,SYNTHETIC FIXTURE -- not real data
F0293,119,taylor et al. 2015,Taylor et al. 2015,STEM,7-12,0.0924,0.0398,0.1995,776,1391,44,0.2,yes,yes,SYNTHETIC,SYNTHETIC,,fixture,n/a,SYNTHETIC FIXTURE -- not real data
F0294,119,taylor et al. 2015,Taylor et al. 2015,Reading,7-12,0.2055,0.01311,0.1145,1113,334,30,0.2,yes,yes,SYNTHETIC,SYNTHETIC,,fixture,n/a,SYNTHETIC FIXTURE -- not real data
F0295,120,thiede et al. 2018,Thiede et al. 2018,Reading,Mixed,-0.2031,0.013806,0.1175,844,1056,66,0.2,yes,yes,SYNTHETIC,SYNTHETIC,,fixture,n/a,SYNTHETIC FIXTURE -- not real data
F0296,120,thiede et al. 2018,Thiede et al. 2018,STEM,Mixed,0.0538,0.008263,0.0909,278,1476,111,0.2,yes,yes,SYNTHETIC,SYNTHETIC,,fixture,n/a,SYNTHETIC FIXTURE -- not real data
F0297,120,thiede et al. 2018,Thiede et al. 2018,Reading,Mixed,0.2065,0.01486,0.1219,1479,1004,69,0.2,yes,yes,SYNTHETIC,SYNTHETIC,,fixture,n/a,SYNTHETIC FIXTURE -- not real data
F0298,120,thiede et al. 2018,Thiede et al. 2018,STEM,Mixed,0.0614,0.009467,0.0973,298,777,29,0.2,yes,yes,SYNTHETIC,SYNTHETIC,,fixture,n/a,SYNTHETIC FIXTURE -- not real data
F0299,121,thiede et al. 2018,Thiede et al. 2018,STEM,Mixed,0.1793,0.012724,0.1128,983,1359,28,0.2,yes,yes,SYNTHETIC,SYNTHETIC,,fixture,n/a,SYNTHETIC FIXTURE -- not real data
F0300,122,thiede et al. 2018,Thiede et al. 2018,STEM,Mixed,-0.0049,0.007569,0.087,1363,1240,117,0.2,yes,yes,SYNTHETIC,SYNTHETIC,,fixture,n/a,SYNTHETIC FIXTURE -- not real data
F0301,122,thiede et al. 2018,Thiede et al. 2018,STEM,Mixed,-0.2994,0.030137,0.1736,1083,268,83,0.2,yes,yes,SYNTHETIC,SYNTHETIC,,fixture,n/a,SYNTHETIC FIXTURE -- not real data
F0302,123,thurston 2016,Thurston 2016,Reading,Mixed,-0.2674,0.04008,0.2002,175,1380,86,0.2,yes,yes,SYNTHETIC,SYNTHETIC,,fixture,n/a,SYNTHETIC FIXTURE -- not real data
F0303,123,thurston 2016,Thurston 2016,STEM,Mixed,0.1004,0.010282,0.1014,1057,358,83,0.2,yes,yes,SYNTHETIC,SYNTHETIC,,fixture,n/a,SYNTHETIC FIXTURE -- not real data
F0304,123,thurston 2016,Thurston 2016,STEM,Mixed,0.0776,0.027192,0.1649,1302,478,52,0.2,yes,yes,SYNTHETIC,SYNTHETIC,,fixture,n/a,SYNTHETIC FIXTURE -- not real data
F0305,123,thurston 2016,Thurston 2016,Reading,Mixed,0.0862,0.003881,0.0623,797,194,57,0.2,yes,yes,SYNTHETIC,SYNTHETIC,,fixture,n/a,SYNTHETIC FIXTURE -- not real data
F0306,124,tolan et al. 2020,Tolan et al. 2020,Reading,Mixed,0.1477,0.004436,0.0666,504,527,77,0.2,yes,yes,SYNTHETIC,SYNTHETIC,,fixture,n/a,SYNTHETIC FIXTURE -- not real data
F0307,125,vaughn et al. 2022,Vaughn et al. 2022,Reading,3-6,-0.082,0.013877,0.1178,683,87,22,0.2,yes,yes,SYNTHETIC,SYNTHETIC,,fixture,n/a,SYNTHETIC FIXTURE -- not real data
F0308,126,vaughn et al. 2022,Vaughn et al. 2022,STEM,3-6,0.0192,0.029998,0.1732,506,1217,114,0.2,yes,yes,SYNTHETIC,SYNTHETIC,,fixture,n/a,SYNTHETIC FIXTURE -- not real data
F0309,126,vaughn et al. 2022,Vaughn et al. 2022,Reading,3-6,0.1599,0.040441,0.2011,1445,1172,33,0.2,yes,yes,SYNTHETIC,SYNTHETIC,,fixture,n/a,SYNTHETIC FIXTURE -- not real data
F0310,126,vaughn et al. 2022,Vaughn et al. 2022,STEM,3-6,0.0775,0.023043,0.1518,981,101,111,0.2,yes,yes,SYNTHETIC,SYNTHETIC,,fixture,n/a,SYNTHETIC FIXTURE -- not real data
F0311,127,vernon-feagans et al. 2013,Vernon-Feagans et al. 2013,Reading,K-2,0.1327,0.011513,0.1073,554,594,118,0.2,yes,yes,SYNTHETIC,SYNTHETIC,,fixture,n/a,SYNTHETIC FIXTURE -- not real data
F0312,127,vernon-feagans et al. 2013,Vernon-Feagans et al. 2013,STEM,K-2,0.0754,0.021904,0.148,844,1326,119,0.2,yes,yes,SYNTHETIC,SYNTHETIC,,fixture,n/a,SYNTHETIC FIXTURE -- not real data
F0313,127,vernon-feagans et al. 2013,Vernon-Feagans et al. 2013,STEM,K-2,0.3569,0.031188,0.1766,1493,331,53,0.2,yes,yes,SYNTHETIC,SYNTHETIC,,fixture,n/a,SYNTHETIC FIXTURE -- not real data
F0314,127,vernon-feagans et al. 2013,Vernon-Feagans et al. 2013,Reading,K-2,0.2245,0.010774,0.1038,619,895,85,0.2,yes,yes,SYNTHETIC,SYNTHETIC,,fixture,n/a,SYNTHETIC FIXTURE -- not real data
F0315,128,vignoles et al. 2015,Vignoles et al. 2015,Reading,K-2,-0.2048,0.005141,0.0717,828,1389,26,0.2,yes,yes,SYNTHETIC,SYNTHETIC,,fixture,n/a,SYNTHETIC FIXTURE -- not real data
F0316,128,vignoles et al. 2015,Vignoles et al. 2015,STEM,K-2,-0.3188,0.0402,0.2005,1075,1116,112,0.2,yes,yes,SYNTHETIC,SYNTHETIC,,fixture,n/a,SYNTHETIC FIXTURE -- not real data
F0317,128,vignoles et al. 2015,Vignoles et al. 2015,STEM,K-2,-0.5193,0.043556,0.2087,219,568,111,0.2,yes,yes,SYNTHETIC,SYNTHETIC,,fixture,n/a,SYNTHETIC FIXTURE -- not real data
F0318,129,wakabayashi et al. 2020,Wakabayashi et al. 2020,STEM,Pre-k,-0.1558,0.021083,0.1452,1077,169,94,0.2,yes,yes,SYNTHETIC,SYNTHETIC,,fixture,n/a,SYNTHETIC FIXTURE -- not real data
F0319,129,wakabayashi et al. 2020,Wakabayashi et al. 2020,Reading,Pre-k,-0.1025,0.003192,0.0565,774,512,76,0.2,yes,yes,SYNTHETIC,SYNTHETIC,,fixture,n/a,SYNTHETIC FIXTURE -- not real data
F0320,129,wakabayashi et al. 2020,Wakabayashi et al. 2020,STEM,Pre-k,-0.219,0.027093,0.1646,1263,1191,104,0.2,yes,yes,SYNTHETIC,SYNTHETIC,,fixture,n/a,SYNTHETIC FIXTURE -- not real data
F0321,129,wakabayashi et al. 2020,Wakabayashi et al. 2020,STEM,Pre-k,-0.4905,0.037947,0.1948,1180,1321,82,0.2,yes,yes,SYNTHETIC,SYNTHETIC,,fixture,n/a,SYNTHETIC FIXTURE -- not real data
F0322,130,west et al. 2016,West et al. 2016,STEM,Mixed,0.1335,0.007157,0.0846,1431,72,119,0.2,yes,yes,SYNTHETIC,SYNTHETIC,,fixture,n/a,SYNTHETIC FIXTURE -- not real data
F0323,130,west et al. 2016,West et al. 2016,Reading,Mixed,0.0366,0.01575,0.1255,524,1381,117,0.2,yes,yes,SYNTHETIC,SYNTHETIC,,fixture,n/a,SYNTHETIC FIXTURE -- not real data
F0324,130,west et al. 2016,West et al. 2016,Reading,Mixed,-0.0197,0.005271,0.0726,331,1185,22,0.2,yes,yes,SYNTHETIC,SYNTHETIC,,fixture,n/a,SYNTHETIC FIXTURE -- not real data
F0325,131,whittaker et al. 2020,Whittaker et al. 2020,Reading,Pre-k,0.115,0.042436,0.206,930,78,43,0.2,yes,yes,SYNTHETIC,SYNTHETIC,,fixture,n/a,SYNTHETIC FIXTURE -- not real data
F0326,131,whittaker et al. 2020,Whittaker et al. 2020,Reading,Pre-k,-0.0464,0.026471,0.1627,128,896,69,0.2,yes,yes,SYNTHETIC,SYNTHETIC,,fixture,n/a,SYNTHETIC FIXTURE -- not real data
F0327,132,wiggins et al. 2017,Wiggins et al. 2017,Other,Mixed,0.1671,0.024367,0.1561,208,901,106,0.2,yes,yes,SYNTHETIC,SYNTHETIC,,fixture,n/a,SYNTHETIC FIXTURE -- not real data
F0328,133,wiggins et al. 2019,Wiggins et al. 2019,Reading,7-12,-0.1601,0.035006,0.1871,719,622,100,0.2,yes,yes,SYNTHETIC,SYNTHETIC,,fixture,n/a,SYNTHETIC FIXTURE -- not real data
F0329,133,wiggins et al. 2019,Wiggins et al. 2019,Reading,7-12,0.0116,0.006115,0.0782,635,1453,44,0.2,yes,yes,SYNTHETIC,SYNTHETIC,,fixture,n/a,SYNTHETIC FIXTURE -- not real data
F0330,133,wiggins et al. 2019,Wiggins et al. 2019,Reading,7-12,-0.0769,0.0144,0.12,926,952,93,0.2,yes,yes,SYNTHETIC,SYNTHETIC,,fixture,n/a,SYNTHETIC FIXTURE -- not real data
F0331,134,wijekumar et al. 2009,Wijekumar et al. 2009,STEM,3-6,0.3745,0.006593,0.0812,1282,643,111,0.2,yes,yes,SYNTHETIC,SYNTHETIC,,fixture,n/a,SYNTHETIC FIXTURE -- not real data
F0332,134,wijekumar et al. 2009,Wijekumar et al. 2009,Reading,3-6,0.2295,0.013971,0.1182,677,276,57,0.2,yes,yes,SYNTHETIC,SYNTHETIC,,fixture,n/a,SYNTHETIC FIXTURE -- not real data
F0333,134,wijekumar et al. 2009,Wijekumar et al. 2009,Reading,3-6,0.1868,0.020564,0.1434,854,1226,83,0.2,yes,yes,SYNTHETIC,SYNTHETIC,,fixture,n/a,SYNTHETIC FIXTURE -- not real data
F0334,134,wijekumar et al. 2009,Wijekumar et al. 2009,Reading,3-6,0.3135,0.007448,0.0863,88,745,66,0.2,yes,yes,SYNTHETIC,SYNTHETIC,,fixture,n/a,SYNTHETIC FIXTURE -- not real data
F0335,135,wijekumar et al. 2017,Wijekumar et al. 2017,Reading,7-12,0.0425,0.010837,0.1041,681,507,65,0.2,yes,yes,SYNTHETIC,SYNTHETIC,,fixture,n/a,SYNTHETIC FIXTURE -- not real data
F0336,135,wijekumar et al. 2017,Wijekumar et al. 2017,Other,7-12,0.0626,0.033233,0.1823,634,1427,53,0.2,yes,yes,SYNTHETIC,SYNTHETIC,,fixture,n/a,SYNTHETIC FIXTURE -- not real data
F0337,135,wijekumar et al. 2017,Wijekumar et al. 2017,STEM,7-12,0.0185,0.002673,0.0517,1037,865,102,0.2,yes,yes,SYNTHETIC,SYNTHETIC,,fixture,n/a,SYNTHETIC FIXTURE -- not real data
F0338,136,wolf et al. 2018,Wolf et al. 2018,STEM,Mixed,0.6047,0.023409,0.153,133,78,36,0.2,yes,yes,SYNTHETIC,SYNTHETIC,,fixture,n/a,SYNTHETIC FIXTURE -- not real data
F0339,136,wolf et al. 2018,Wolf et al. 2018,Reading,Mixed,0.3439,0.003469,0.0589,829,736,35,0.2,yes,yes,SYNTHETIC,SYNTHETIC,,fixture,n/a,SYNTHETIC FIXTURE -- not real data
F0340,136,wolf et al. 2018,Wolf et al. 2018,Other,Mixed,0.3167,0.006806,0.0825,1400,771,72,0.2,yes,yes,SYNTHETIC,SYNTHETIC,,fixture,n/a,SYNTHETIC FIXTURE -- not real data
F0341,136,wolf et al. 2018,Wolf et al. 2018,STEM,Mixed,0.252,0.008538,0.0924,297,898,76,0.2,yes,yes,SYNTHETIC,SYNTHETIC,,fixture,n/a,SYNTHETIC FIXTURE -- not real data
F0342,137,wolf et al. 2018,Wolf et al. 2018,STEM,Mixed,-0.2234,0.0196,0.14,972,1459,97,0.2,yes,yes,SYNTHETIC,SYNTHETIC,,fixture,n/a,SYNTHETIC FIXTURE -- not real data
F0343,138,worth et al. 2015,Worth et al. 2015,Reading,K-2,0.1624,0.030033,0.1733,644,1105,107,0.2,yes,yes,SYNTHETIC,SYNTHETIC,,fixture,n/a,SYNTHETIC FIXTURE -- not real data
F0344,138,worth et al. 2015,Worth et al. 2015,STEM,K-2,-0.1002,0.046656,0.216,1261,681,72,0.2,yes,yes,SYNTHETIC,SYNTHETIC,,fixture,n/a,SYNTHETIC FIXTURE -- not real data
F0345,138,worth et al. 2015,Worth et al. 2015,Other,K-2,0.1081,0.004624,0.068,308,104,113,0.2,yes,yes,SYNTHETIC,SYNTHETIC,,fixture,n/a,SYNTHETIC FIXTURE -- not real data
F0346,139,worth et al. 2015,Worth et al. 2015,STEM,K-2,0.0714,0.008798,0.0938,139,61,24,0.2,yes,yes,SYNTHETIC,SYNTHETIC,,fixture,n/a,SYNTHETIC FIXTURE -- not real data
F0347,139,worth et al. 2015,Worth et al. 2015,Reading,K-2,-0.0138,0.023994,0.1549,940,1151,47,0.2,yes,yes,SYNTHETIC,SYNTHETIC,,fixture,n/a,SYNTHETIC FIXTURE -- not real data
F0348,139,worth et al. 2015,Worth et al. 2015,STEM,K-2,-0.2796,0.007656,0.0875,240,614,44,0.2,yes,yes,SYNTHETIC,SYNTHETIC,,fixture,n/a,SYNTHETIC FIXTURE -- not real data
F0349,140,worth et al. 2017,Worth et al. 2017,Reading,7-12,0.1955,0.008501,0.0922,1256,407,63,0.2,yes,yes,SYNTHETIC,SYNTHETIC,,fixture,n/a,SYNTHETIC FIXTURE -- not real data
F0350,141,wright et al. 2020,Wright et al. 2020,Reading,Pre-k,0.2465,0.019155,0.1384,457,1208,23,0.2,yes,yes,SYNTHETIC,SYNTHETIC,,fixture,n/a,SYNTHETIC FIXTURE -- not real data
F0351,141,wright et al. 2020,Wright et al. 2020,Other,Pre-k,0.2128,0.004747,0.0689,438,206,22,0.2,yes,yes,SYNTHETIC,SYNTHETIC,,fixture,n/a,SYNTHETIC FIXTURE -- not real data
F0352,142,yang et al. 2020,Yang et al. 2020,Other,7-12,0.418,0.005715,0.0756,795,111,97,0.2,yes,yes,SYNTHETIC,SYNTHETIC,,fixture,n/a,SYNTHETIC FIXTURE -- not real data
F0353,143,yang et al. 2020,Yang et al. 2020,Reading,7-12,0.084,0.041372,0.2034,1396,1126,71,0.2,yes,yes,SYNTHETIC,SYNTHETIC,,fixture,n/a,SYNTHETIC FIXTURE -- not real data
F0354,143,yang et al. 2020,Yang et al. 2020,STEM,7-12,0.0321,0.010445,0.1022,348,1001,68,0.2,yes,yes,SYNTHETIC,SYNTHETIC,,fixture,n/a,SYNTHETIC FIXTURE -- not real data
F0355,143,yang et al. 2020,Yang et al. 2020,Reading,7-12,0.2696,0.007674,0.0876,516,260,112,0.2,yes,yes,SYNTHETIC,SYNTHETIC,,fixture,n/a,SYNTHETIC FIXTURE -- not real data
F0356,143,yang et al. 2020,Yang et al. 2020,Reading,7-12,-0.1754,0.040602,0.2015,1313,226,64,0.2,yes,yes,SYNTHETIC,SYNTHETIC,,fixture,n/a,SYNTHETIC FIXTURE -- not real data
